Object_ID,Object_Name,Alternative_Name,Category,Object_Type,Subcategory,RA,Dec,Distance_AU,Distance_km,Distance_ly,Apparent_Magnitude,Angular_Size,Radius_km,Diameter_km,Mass_kg,Gravity_m_s2,Escape_Velocity_km_s,Rotation_Period_hours,Orbital_Period_days,Temperature_C,Number_of_Moons,Spectral_Type,Visibility,Equipment,Observation_Difficulty,Best_Observation_Month,Student_Description,Fun_Fact,Teacher_Notes,Sanskrit_Name,IKS_Reference,Related_Nakshatra,Ancient_Text,Image_URL,Thumbnail_URL,Reference_Link,Source
SS01,Sun,Sol,Solar System,Star,G-Type Main Sequence,Calculated at runtime,Calculated at runtime,0.0,0.0,0.0,-26.74,31.5'-32.5',696340.0,1392680.0,1.989e+30,274.0,615.0,609.12,,5505,0,G2V,Daytime,Solar Filter,Easy,All Year,The star at the center of our Solar System. It provides the light and heat that makes life on Earth possible.,The Sun accounts for 99.86% of the mass in the entire Solar System.,"Emphasize that the Sun is a very typical, middle-aged yellow dwarf star. Warn strictly about eye safety.",Surya,"Navagraha; represents the soul, king, and vitality.",Krittika / Uttara Phalguni,Surya Siddhanta,,,https://solarsystem.nasa.gov/solar-system/sun/in-depth/,NASA Solar System Exploration
SS02,Mercury,Hermes,Solar System,Planet,Terrestrial Planet,Calculated at runtime,Calculated at runtime,0.39,57900000.0,6.1e-06,-2.48 to 7.25,"4.5""-13""",2439.7,4879.4,3.3e+23,3.7,4.25,1406.4,88.0,-173 to 427,0,,Naked Eye,,Hard,Dependent on Elongation,"The smallest and fastest planet, zipping around the Sun in just 88 days. It has a heavily cratered surface.","Despite being closest to the Sun, Mercury is not the hottest planet—that title goes to Venus.",Best viewed during greatest elongation. Good opportunity to discuss planetary orbits and lack of atmosphere.,Budha,Navagraha; associated with intellect and communication.,Ashlesha / Jyeshtha / Revati,Brihat Parashara Hora Shastra,,,https://solarsystem.nasa.gov/planets/mercury/in-depth/,NASA Planetary Fact Sheet
SS03,Venus,Aphrodite,Solar System,Planet,Terrestrial Planet,Calculated at runtime,Calculated at runtime,0.72,108000000.0,1.14e-05,-4.92 to -2.98,"9.7""-66""",6051.8,12103.6,4.86e+24,8.87,10.36,5832.5,225.0,464,0,,Naked Eye,,Easy,Dependent on Elongation,"The brightest planet in our night sky. It is covered in thick, toxic clouds that trap heat.",A day on Venus is longer than a year on Venus. It also rotates backwards compared to most planets.,Great for discussing the greenhouse effect. Explain its phases similar to the Moon.,Shukra,"Navagraha; associated with beauty, wealth, and arts.",Bharani / Purva Phalguni,Surya Siddhanta,,,https://solarsystem.nasa.gov/planets/venus/in-depth/,NASA Planetary Fact Sheet
SS04,Earth,Terra / Gaia,Solar System,Planet,Terrestrial Planet,,,1.0,149000000.0,1.58e-05,,,6371.0,12742.0,5.97e+24,9.8,11.19,23.9,365.25,15,1,,,,,,"Our home planet, uniquely equipped to support a vast diversity of life with its liquid water and breathable atmosphere.",Earth is the only planet not named after a Greek or Roman god.,"Use as a baseline for comparing distances, sizes, and atmospheric conditions of other planets.",Bhumi / Prithvi,Mother Goddess; represents stability and sustenance.,,Atharva Veda (Bhumi Sukta),,,https://solarsystem.nasa.gov/planets/earth/in-depth/,NASA Planetary Fact Sheet
SS05,Moon,Luna,Solar System,Satellite,Terrestrial Satellite,Calculated at runtime,Calculated at runtime,0.0025,384400.0,4.06e-08,-12.74,29.3'-34.1',1737.4,3474.8,7.34e+22,1.62,2.38,655.7,27.3,-173 to 117,0,,Naked Eye,,Easy,All Year (Except New Moon),Earth's only natural satellite. Its gravitational pull causes the tides in our oceans.,The Moon is moving away from Earth at a rate of about 3.8 centimeters per year.,Discuss synchronous rotation (why we only see one side) and the mechanics of lunar phases.,Chandra,Navagraha; represents the mind and emotions.,Rohini / Hasta / Shravana,Surya Siddhanta,,,https://solarsystem.nasa.gov/moons/earths-moon/in-depth/,NASA / IAU
SS06,Mars,Ares,Solar System,Planet,Terrestrial Planet,Calculated at runtime,Calculated at runtime,1.52,227000000.0,2.4e-05,-2.94 to 1.86,"3.5""-25.1""",3389.5,6779.0,6.41e+23,3.71,5.03,24.6,687.0,-63,2,,Naked Eye,,Moderate,Biennial Opposition,"The Red Planet, named for its rusty color. It has polar ice caps and the largest volcano in the Solar System.","Mars has a volcano, Olympus Mons, that is three times taller than Mount Everest.",Good target for discussing current space exploration and the search for past microbial life.,Mangala,"Navagraha; associated with courage, strength, and war.",Mrigashira / Chitra,Brihat Parashara Hora Shastra,,,https://solarsystem.nasa.gov/planets/mars/in-depth/,NASA Planetary Fact Sheet
SS07,Jupiter,Jove,Solar System,Planet,Gas Giant,Calculated at runtime,Calculated at runtime,5.2,778000000.0,8.2e-05,-2.94 to -1.66,"29.8""-50.1""",69911.0,139822.0,1.89e+27,24.79,59.5,9.9,4333.0,-108,95,,Naked Eye,Binoculars,Easy,Annual Opposition,"The largest planet in our Solar System. It is a gas giant known for its Great Red Spot, a massive storm.","More than 1,300 Earths could fit inside Jupiter.",Even small telescopes reveal its four Galilean moons and cloud bands.,Brihaspati,"Navagraha; Guru of the Devas, associated with wisdom.",Punarvasu / Vishakha,Surya Siddhanta,,,https://solarsystem.nasa.gov/planets/jupiter/in-depth/,NASA Planetary Fact Sheet
SS08,Saturn,Cronus,Solar System,Planet,Gas Giant,Calculated at runtime,Calculated at runtime,9.58,1430000000.0,0.00015,-0.55 to 1.17,"14.5""-20.1""",58232.0,116464.0,5.68e+26,10.44,35.5,10.7,10759.0,-139,146,,Naked Eye,Telescope,Easy,Annual Opposition,A gas giant famous for its spectacular and complex ring system made of ice and rock.,"Saturn's density is so low that if you could find a bathtub big enough, the planet would float.","The rings are the primary visual draw. Explain that rings are common to all gas giants, but Saturn's are the most visible.",Shani,"Navagraha; associated with discipline, karma, and longevity.",Pushya / Anuradha,Brihat Parashara Hora Shastra,,,https://solarsystem.nasa.gov/planets/saturn/in-depth/,NASA Planetary Fact Sheet
SS09,Uranus,Caelus,Solar System,Planet,Ice Giant,Calculated at runtime,Calculated at runtime,19.22,2870000000.0,0.0003,5.38 to 6.03,"3.3""-4.1""",25362.0,50724.0,8.68e+25,8.69,21.3,17.2,30687.0,-197,28,,Binoculars,Telescope,Hard,Annual Opposition,"An ice giant that rolls on its side as it orbits the Sun, likely due to a massive collision in its past.",Uranus was the first planet discovered using a telescope (by William Herschel in 1781).,Appears as a tiny blue-green disk. Great for discussing axial tilt and extreme seasons.,Aruna,Not traditionally part of the Navagraha.,,,,,https://solarsystem.nasa.gov/planets/uranus/in-depth/,NASA Planetary Fact Sheet
SS10,Neptune,Poseidon,Solar System,Planet,Ice Giant,Calculated at runtime,Calculated at runtime,30.05,4490000000.0,0.00047,7.67 to 8.00,"2.2""-2.4""",24622.0,49244.0,1.02e+26,11.15,23.5,16.1,60190.0,-201,16,,Telescope,Telescope,Hard,Annual Opposition,"The most distant major planet, known for its deep blue color and supersonic winds.",Neptune was mathematically predicted before it was directly observed through a telescope.,Requires a good telescope to spot. Discuss the role of mathematics in astronomy.,Varuna,Deity of the cosmic oceans; not in Navagraha.,,Rig Veda (Contextual),,,https://solarsystem.nasa.gov/planets/neptune/in-depth/,NASA Planetary Fact Sheet
SS11,Pluto,Hades,Solar System,Dwarf Planet,Kuiper Belt Object,Calculated at runtime,Calculated at runtime,39.48,5900000000.0,0.00062,13.65 to 16.3,"0.06""-0.11""",1188.3,2376.6,1.3e+22,0.62,1.21,153.3,90560.0,-229,5,,Large Telescope,Large Telescope,Very Hard,Annual Opposition,"Once considered the ninth planet, it is now classified as a dwarf planet located in the Kuiper Belt.",Pluto is smaller than Earth's Moon and has a heart-shaped glacier on its surface.,Excellent pivot for teaching how scientific classification evolves with new discoveries.,Yama,Deity of the underworld; not in Navagraha.,,,,,https://solarsystem.nasa.gov/planets/dwarf-planets/pluto/in-depth/,IAU / NASA
SS12,Ceres,Demeter,Solar System,Dwarf Planet,Main Belt Asteroid,Calculated at runtime,Calculated at runtime,2.77,413000000.0,4.3e-05,6.7 to 9.3,"0.3""-0.8""",473.0,946.0,9.38e+20,0.28,0.51,9.0,1680.0,-105,0,,Binoculars,Telescope,Moderate,Annual Opposition,"The largest object in the asteroid belt between Mars and Jupiter, and the only dwarf planet in the inner Solar System.",Ceres makes up almost a third of the total mass of the asteroid belt.,Great example to bridge the gap between rocky planets and the outer Solar System bodies.,,,,,,,https://solarsystem.nasa.gov/planets/dwarf-planets/ceres/in-depth/,NASA / JPL
BS01,Sirius,Alpha Canis Majoris,Star,Main Sequence Star,A-Type Main Sequence,101.28715533333335,-16.71611586111111,543933.44,,8.6,-1.46,Point Source,,,,,,,,,0,A0mA1Va,Naked Eye,,Easy,February,The brightest star in the night sky. It glows with a brilliant blue-white color.,"Sirius is actually a binary star system; it has a tiny, dense white dwarf companion.",Use this to explain apparent vs. absolute magnitude and binary systems.,Vyadha,The Hunter; prominent in early astronomical tracking.,Ardra (Associated),Surya Siddhanta,,,https://science.nasa.gov/universe/stars/sirius/,SIMBAD + Curated
BS02,Canopus,Alpha Carinae,Star,Bright Giant,F-Type Bright Giant,95.98795782918306,-52.69566138386201,19551184.83,,309.19,-0.74,Point Source,,,,,,,,,0,A9II,Naked Eye,,Easy,February,"The second-brightest star in the sky, shining brightly in the southern hemisphere.",Spacecraft use Canopus as a navigational reference point to orient themselves in space.,Excellent for discussing spacecraft navigation and southern sky observation.,Agastya,Sage Agastya; represents the southern direction.,,Surya Siddhanta,,,https://starchild.gsfc.nasa.gov/,SIMBAD + Curated
BS03,Rigil Kentaurus,Alpha Centauri A,Star,Main Sequence Star,G-Type Main Sequence,219.90205833170774,-60.83399268831004,277940.23,,4.4,0.01,Point Source,,,,,,,,,0,G2V,Naked Eye,,Easy,May,"Part of the closest star system to our Solar System, appearing as a single bright star to the naked eye.",It takes light over 4 years to travel from Alpha Centauri to Earth.,Introduce the concept of light-years and the vast distances between stars.,Mitra,Deity of friendship and daylight.,Anuradha (Contextual),Rig Veda,,,https://science.nasa.gov/universe/stars/,SIMBAD + Curated
BS04,Arcturus,Alpha Bootis,Star,Red Giant,K-Type Red Giant,213.915300294925,19.1824091615312,2322019.59,,36.72,-0.05,Point Source,,,,,,,,,0,K1.5IIIFe-0.5,Naked Eye,,Easy,June,A distinct orange-red giant star and the brightest in the northern celestial hemisphere.,Arcturus is moving much faster than the general flow of stars in our galactic neighborhood.,"Teach ""star-hopping"" by following the arc of the Big Dipper's handle to Arcturus.",Swati,Associated with the wind deity Vayu.,Swati,Brihat Samhita,,,https://science.nasa.gov/universe/stars/,SIMBAD + Curated
BS05,Vega,Alpha Lyrae,Star,Main Sequence Star,A-Type Main Sequence,279.234734787025,38.783688956244,1583851.65,,25.05,0.03,Point Source,,,,,,,,,0,A0V,Naked Eye,,Easy,August,A bright blue-white star that was the first star ever to be photographed.,Around 12000 BCE Vega was the North Star instead of Polaris.,Great pivot to discuss precession (the wobble of Earth's axis).,Abhijit,The victorious one; considered an auspicious intercalary Nakshatra.,Abhijit,Mahabharata / Vedanga Jyotisha,,,https://science.nasa.gov/universe/stars/,SIMBAD + Curated
BS06,Capella,Alpha Aurigae,Star,Giant System,G-Type Giants,79.17232794433404,45.99799146983673,2706889.76,,42.81,0.08,Point Source,,,,,,,,,0,G3III:,Naked Eye,,Easy,January,A bright yellowish star that is actually a complex system of four stars.,"Though it looks like one star, it consists of two giant stars and two red dwarfs.",Discuss how common multiple-star systems are in the universe.,Brahmahridaya,The heart of Brahma.,Rohini (Nearby),Surya Siddhanta,,,https://science.nasa.gov/universe/stars/,SIMBAD + Curated
BS07,Rigel,Beta Orionis,Star,Blue Supergiant,B-Type Supergiant,78.63446706693006,-8.201638364722209,54567460.32,,862.96,0.13,Point Source,,,,,,,,,0,B8Ia,Naked Eye,,Easy,January,A massive luminous blue supergiant forming the left foot of Orion.,Rigel is roughly 120000 times more luminous than our Sun.,Compare Rigel's blue color (hot) with Betelgeuse's red color (cool).,,,Mrigashira (Contextual),,,,https://science.nasa.gov/universe/stars/,SIMBAD + Curated
BS08,Procyon,Alpha Canis Minoris,Star,Main Sequence Star,F-Type Main Sequence,114.82549790798149,5.224987557059477,724855.92,,11.46,0.37,Point Source,,,,,,,,,0,F5IV-V+DQZ,Naked Eye,,Easy,March,"The eighth-brightest star, forming the ""Little Dog"" constellation.",Like Sirius Procyon also has a white dwarf companion.,Part of the Winter Triangle asterism; good for teaching constellation patterns.,Sarameya,The hound of the gods.,Punarvasu (Contextual),Rig Veda (Contextual),,,https://science.nasa.gov/universe/stars/,SIMBAD + Curated
BS09,Achernar,Alpha Eridani,Star,Main Sequence Star,B-Type Main Sequence,24.428522833333336,-57.236752805555554,8818512.18,,139.46,0.46,Point Source,,,,,,,,,0,B6Vpe,Naked Eye,,Easy,November,A bright blue star located at the southern tip of the constellation Eridanus.,Achernar spins so fast that its shape is flattened into an oblate spheroid.,Discuss how rapid rotation affects the shape and temperature of stars.,,,,,,,https://science.nasa.gov/universe/stars/,SIMBAD + Curated
BS10,Betelgeuse,Alpha Orionis,Star,Red Supergiant,M-Type Supergiant,88.79293899077537,7.407063995272694,31490839.69,,498.02,0.42,Point Source,,,,,,,,,0,M1-M2Ia-Iab,Naked Eye,,Easy,January,A massive red supergiant forming the right shoulder of Orion.,"If placed in our Solar System, Betelgeuse would swallow up the orbits of Mercury, Venus, Earth, and Mars.",A prime candidate for a future supernova. Discuss stellar life cycles.,Ardra,Associated with Rudra the storm god.,Ardra,Brihat Samhita,,,https://science.nasa.gov/universe/stars/,SIMBAD + Curated
BS11,Hadar,Beta Centauri,Star,Giant System,B-Type Giant,210.95585562281522,-60.373035161541594,24791466.35,,392.07,0.58,Point Source,,,,,,,,,0,B1III,Naked Eye,,Easy,May,A bright blue giant star in the southern sky often used to find the Southern Cross.,Hadar is actually a triple star system located nearly 400 light-years away.,Used alongside Alpha Centauri to point toward the Crux constellation.,,,,,,,https://science.nasa.gov/universe/stars/,SIMBAD + Curated
BS12,Altair,Alpha Aquilae,Star,Main Sequence Star,A-Type Main Sequence,297.69582729638694,8.868321196436963,1058040.52,,16.73,0.76,Point Source,,,,,,,,,0,A7Vn,Naked Eye,,Easy,September,A bright white star forming the head of the Eagle (Aquila).,Altair rotates so rapidly (once every 9 hours) that it bulges at the equator.,One of the three stars in the Summer Triangle asterism.,Shravana,Associated with listening and wisdom.,Shravana,Surya Siddhanta,,,https://science.nasa.gov/universe/stars/,SIMBAD + Curated
BS13,Acrux,Alpha Crucis,Star,Multiple Star,B-Type Main Sequence,186.64956340120452,-63.099092857925115,20361796.64,,322.01,,Point Source,,,,,,,,,0,B0.5IV+B1V,Naked Eye,,Easy,May,The brightest star in the Southern Cross and the southernmost first-magnitude star.,Acrux appears on the flags of five different countries including Australia and Brazil.,Great for discussing cultural significance and navigation in the southern hemisphere.,Trishanku,Associated with the mythological king suspended in the southern sky.,,Ramayana (Contextual),,,https://science.nasa.gov/universe/stars/,SIMBAD + Curated
BS14,Aldebaran,Alpha Tauri,Star,Red Giant,K-Type Red Giant,68.9801627900154,16.5093023507718,4214650.59,,66.65,0.86,Point Source,,,,,,,,,0,K5+III,Naked Eye,,Easy,January,A bright orange-red star forming the fiery eye of Taurus the Bull.,"Pioneer 10, a spacecraft launched in 1972, is heading toward Aldebaran.",Point out its visual alignment with the Hyades cluster though it isn't part of it.,Rohini,Associated with the creator god Brahma; a prominent red star.,Rohini,Surya Siddhanta / Brihat Samhita,,,https://science.nasa.gov/universe/stars/,SIMBAD + Curated
BS15,Antares,Alpha Scorpii,Star,Red Supergiant,M-Type Supergiant,247.3519154198264,-26.432002611950832,35019524.62,,553.82,0.91,Point Source,,,,,,,,,0,M1.5Iab+B2Vn,Naked Eye,,Easy,July,A massive red supergiant that marks the heart of the Scorpion.,Its name means Rival of Mars because of its reddish appearance.,Compare its size and fate to Betelgeuse. Another excellent supernova candidate.,Jyeshtha,The eldest or most excellent; associated with Indra.,Jyeshtha,Surya Siddhanta,,,https://science.nasa.gov/universe/stars/,SIMBAD + Curated
BS16,Spica,Alpha Virginis,Star,Blue Giant,B-Type Main Sequence,201.2982473615632,-11.161319485111932,15793644.72,,249.77,0.97,Point Source,,,,,,,,,0,B1V,Naked Eye,,Easy,May,The brightest star in Virgo appearing as a single blue-white point of light.,"Spica is a close binary system; the two stars are so close, their gravity pulls them into egg shapes.","Used to teach star-hopping: ""Arc to Arcturus, then spike to Spica.""",Chitra,The bright or solitary one; associated with celestial architect Tvashtar.,Chitra,Brihat Samhita,,,https://science.nasa.gov/universe/stars/,SIMBAD + Curated
BS17,Pollux,Beta Geminorum,Star,Red Giant,K-Type Red Giant,116.32895777437875,28.02619889009357,2136575.51,,33.79,1.14,Point Source,,,,,,,,,0,K0IIIb,Naked Eye,,Easy,March,An orange giant star and the brightest in the constellation Gemini.,Pollux is known to host at least one exoplanet roughly three times the mass of Jupiter.,Compare with its twin star Castor which is visually close but physically very different.,Punarvasu,Associated with the mother of the gods Aditi; represents renewal.,Punarvasu,Surya Siddhanta,,,https://science.nasa.gov/universe/stars/,SIMBAD + Curated
BS18,Fomalhaut,Alpha Piscis Austrini,Star,Main Sequence Star,A-Type Main Sequence,344.4126927211701,-29.622237033389442,1588976.2,,25.13,1.16,Point Source,,,,,,,,,0,A4V,Naked Eye,,Easy,October,"One of the brightest stars in the autumn sky, sometimes called the ""Lonely Star.""",It is surrounded by a massive disk of dust and debris where planets are forming.,Discuss planet formation and circumstellar disks.,,,,,,,https://science.nasa.gov/universe/stars/,SIMBAD + Curated
BS19,Deneb,Alpha Cygni,Star,Blue Supergiant,A-Type Supergiant,310.35797975307673,45.280338806527574,89292207.79,,1412.12,1.25,Point Source,,,,,,,,,0,A2Ia,Naked Eye,,Easy,September,A massive luminous blue-white star marking the tail of the Swan.,Despite being extremely far away (over 2600 light-years) it is one of the brightest stars we see.,The third member of the Summer Triangle. Discuss absolute magnitude.,,,,,,,https://science.nasa.gov/universe/stars/,SIMBAD + Curated
BS20,Regulus,Alpha Leonis,Star,Multiple Star,B-Type Main Sequence,152.09296243828146,11.967208776100023,5014952.59,,79.31,1.4,Point Source,,,,,,,,,0,B8IVn,Naked Eye,,Easy,April,A bright blue-white star marking the heart of Leo the Lion.,Regulus spins extremely fast; if it spun just 10% faster it would tear itself apart.,Located very close to the ecliptic it is frequently occulted (covered) by the Moon.,Magha,The mighty one; associated with the Pitris (ancestors).,Magha,Brihat Samhita,,,https://science.nasa.gov/universe/stars/,SIMBAD + Curated
BS21,Adhara,Epsilon Canis Majoris,Star,Bright Giant,B-Type Bright Giant,104.65645315148348,-28.972086157360806,25622981.37,,405.22,1.5,Point Source,,,,,,,,,0,B1.5II,Naked Eye,,Easy,February,The second brightest star in the constellation Canis Major.,About 4.7 million years ago Adhara was the brightest star in the sky.,Use to discuss how stellar proper motion changes the night sky over millions of years.,,,,,,,https://science.nasa.gov/universe/stars/,SIMBAD + Curated
BS22,Castor,Alpha Geminorum,Star,Multiple Star,A-Type Main Sequence,113.64947163976585,31.88828221646326,3216859.01,,50.87,1.58,Point Source,,,,,,,,,0,A1V+A2Vm,Naked Eye,,Easy,March,The famous twin to Pollux in the constellation Gemini.,Castor is actually a complex system of six individual stars.,Excellent for discussing multiple star systems and spectroscopy.,,Often paired with Pollux.,Punarvasu (Contextual),,,,https://science.nasa.gov/universe/stars/,SIMBAD + Curated
BS23,Shaula,Lambda Scorpii,Star,Multiple Star,B-Type Subgiant,263.40216718438023,-37.10382355111976,36123467.6,,571.28,1.63,Point Source,,,,,,,,,0,B2IV+DA7.9,Naked Eye,,Easy,July,A bright star system marking the stinger of the Scorpion.,Its name comes from the Arabic word for the raised tail of a scorpion.,Point out its position at the end of Scorpius curving into the Milky Way.,Mula,Associated with the root or center.,Mula (Contextual),Surya Siddhanta,,,https://science.nasa.gov/universe/stars/,SIMBAD + Curated
BS24,Bellatrix,Gamma Orionis,Star,Main Sequence Star,B-Type Main Sequence,81.28276355652378,6.3497032644440665,15964783.28,,252.48,1.64,Point Source,,,,,,,,,0,B2III,Naked Eye,,Easy,January,The third brightest star in Orion marking his left shoulder.,"Bellatrix translates to ""Female Warrior"" in Latin.",Compare its blue color to the red of Betelgeuse on the opposite shoulder.,,,Mrigashira (Contextual),,,,https://science.nasa.gov/universe/stars/,SIMBAD + Curated
BS25,Elnath,Beta Tauri,Star,Giant System,B-Type Giant,81.57297133176498,28.607451724998228,8467364.53,,133.91,1.65,Point Source,,,,,,,,,0,B7III,Naked Eye,,Easy,January,The second brightest star in Taurus marking the tip of the Bull's northern horn.,Elnath is located very close to the galactic anticenter (the exact opposite direction of the galactic center).,Technically it borders both Taurus and Auriga.,,,,,,,https://science.nasa.gov/universe/stars/,SIMBAD + Curated
DSO01,Messier 31,Andromeda Galaxy,Deep Sky,Galaxy,Spiral Galaxy,10.684708333333333,41.268750000000004,,,,3.44,Extended Source,,,,,,,,,0,,Telescope / Dark Sky,Telescope,Moderate,November,The closest major galaxy to our Milky Way. Under dark skies it looks like a faint smudge of light.,Andromeda and the Milky Way are on a collision course and will merge in about 4.5 billion years.,Excellent for introducing galactic scales and the Local Group.,,Located in the region associated with Devayani.,Uttara Bhadrapada,,,,https://science.nasa.gov/mission/hubble/science/explore-the-night-sky/hubble-messier-catalog/messier-31/,SIMBAD + Curated
DSO02,Messier 42,Orion Nebula,Deep Sky,Nebula,Emission Nebula,83.8201,-5.3876,,,,,Extended Source,,,,,,,,,0,,Telescope / Dark Sky,Telescope,Moderate,January,A massive cloud of gas and dust in space where new stars are actively being born.,It is visible to the naked eye as the blurry middle star in Orion's sword.,Perfect object to explain stellar nurseries and star formation. Point out the Trapezium cluster inside it.,,Located in the vicinity of the cosmic hunter.,Mrigashira,,,,https://science.nasa.gov/mission/hubble/science/explore-the-night-sky/hubble-messier-catalog/messier-42/,SIMBAD + Curated
DSO03,Messier 45,Pleiades,Deep Sky,Star Cluster,Open Cluster,56.600833333333334,24.11388888888889,28009913.09,,442.97,,Extended Source,,,,,,,,,0,,Telescope / Dark Sky,Telescope,Moderate,January,A beautiful cluster of young hot blue stars. Most people can count about six or seven stars naked-eye.,Automaker Subaru uses the Pleiades (its Japanese name) for its logo.,Discuss open clusters vs. globular clusters. Good test for visual acuity.,Krittika,Represent the six nursing mothers of the war god Kartikeya.,Krittika,Surya Siddhanta,,,https://science.nasa.gov/mission/hubble/science/explore-the-night-sky/hubble-messier-catalog/messier-45/,SIMBAD + Curated
DSO04,Messier 1,Crab Nebula,Deep Sky,Nebula,Supernova Remnant,83.6324,22.0174,,,,,Extended Source,,,,,,,,,0,,Telescope / Dark Sky,Telescope,Moderate,January,The glowing remains of a massive star that exploded in a supernova.,Chinese astronomers recorded the explosion that created this nebula in the year 1054 AD.,Use to teach the life cycle of massive stars and the creation of pulsars.,,Located near the horns of the bull.,Mrigashira,Recorded globally 1054 AD,,,https://science.nasa.gov/mission/hubble/science/explore-the-night-sky/hubble-messier-catalog/messier-1/,SIMBAD + Curated
DSO05,Messier 13,Hercules Cluster,Deep Sky,Star Cluster,Globular Cluster,250.42347499999994,36.46131944444445,1624133858.27,,25685.04,5.8,Extended Source,,,,,,,,,0,,Telescope / Dark Sky,Telescope,Moderate,July,A massive spherical collection of hundreds of thousands of very old stars.,In 1974 scientists beamed a radio message toward this cluster to say hello to potential aliens.,Highlight the difference between young open clusters (Pleiades) and ancient globular clusters.,,,,,,,https://science.nasa.gov/mission/hubble/science/explore-the-night-sky/hubble-messier-catalog/messier-13/,SIMBAD + Curated
DSO06,Messier 7,Ptolemy Cluster,Deep Sky,Star Cluster,Open Cluster,268.44708333333335,-34.84111111111112,57770838.0,,913.62,,Extended Source,,,,,,,,,0,,Telescope / Dark Sky,Telescope,Moderate,July,A large and prominent open cluster easily visible to the naked eye under dark skies.,Greek astronomer Ptolemy recorded it as a nebula way back in 130 AD.,One of the oldest and closest open clusters known to astronomy.,,Located near the tail of Scorpius.,Mula / Jyeshtha (Contextual),Recorded 130 AD,,,https://science.nasa.gov/mission/hubble/science/explore-the-night-sky/hubble-messier-catalog/messier-7/,SIMBAD + Curated
DSO07,Messier 35,M35,Deep Sky,Star Cluster,Open Cluster,92.27208333333334,24.336111111111105,182519246.08,,2886.47,,Extended Source,,,,,,,,,0,,Telescope / Dark Sky,Telescope,Moderate,February,A large rich open cluster in the constellation Gemini containing over 200 stars.,Appears about as large as the full Moon in the sky despite being nearly 2800 light-years away.,Can be easily viewed alongside a much more distant smaller cluster NGC 2158 in the same telescope field.,,Located near the feet of the Gemini twins.,Punarvasu (Contextual),,,,https://science.nasa.gov/mission/hubble/science/explore-the-night-sky/hubble-messier-catalog/messier-35/,SIMBAD + Curated
DSO08,Messier 50,Heart-Shaped Cluster,Deep Sky,Star Cluster,Open Cluster,105.68416666666667,-8.365,206017778.67,,3258.09,,Extended Source,,,,,,,,,0,,Telescope / Dark Sky,Telescope,Moderate,February,An irregular open cluster located in the constellation Monoceros containing several red giant stars.,Discovered independently by Charles Messier in 1772 while hunting for comets.,Good object to discuss stellar populations within open clusters.,,,,,,,https://science.nasa.gov/mission/hubble/science/explore-the-night-sky/hubble-messier-catalog/messier-50/,SIMBAD + Curated
DSO09,Messier 67,King Cobra Cluster,Deep Sky,Star Cluster,Open Cluster,132.84583333333333,11.81388888888889,182132450.33,,2880.35,,Extended Source,,,,,,,,,0,,Telescope / Dark Sky,Telescope,Moderate,February,An extremely old open cluster in the constellation Cancer containing over 500 stars.,At over 4 billion years old it is one of the oldest open clusters known with stars roughly the same age as our Sun.,Great for discussing stellar evolution and how open clusters eventually dissipate over time.,,Located in Cancer.,Pushya (Contextual),,,,https://science.nasa.gov/mission/hubble/science/explore-the-night-sky/hubble-messier-catalog/messier-67/,SIMBAD + Curated
DSO10,Messier 64,Black Eye Galaxy,Deep Sky,Galaxy,Spiral Galaxy,194.18206666666663,21.682658333333332,,,,8.52,Extended Source,,,,,,,,,0,,Telescope / Dark Sky,Telescope,Moderate,May,A spectacular spiral galaxy famous for a spectacular dark band of absorbing dust in front of its bright nucleus.,Also known as the Evil Eye Galaxy due to its eerie brooding appearance in photographs.,Excellent example of a galaxy that experienced a past merger with a smaller satellite galaxy creating counter-rotating gas disks.,,,Chitra (Contextual),,,,https://science.nasa.gov/mission/hubble/science/explore-the-night-sky/hubble-messier-catalog/messier-64/,SIMBAD + Curated
DSO11,Messier 65,M65,Deep Sky,Galaxy,Spiral Galaxy,169.73295193949,13.092305751019998,,,,,Extended Source,,,,,,,,,0,,Telescope / Dark Sky,Telescope,Moderate,April,A bright spiral galaxy that forms part of the famous Leo Triplet trio of galaxies.,It interacts gravitationally with its neighboring galaxies M66 and NGC 3628.,Perfect for introducing galaxy groups and gravitational tidal interactions.,,Located within the bounds of Leo.,Magha / Purva Phalguni (Contextual),,,,https://science.nasa.gov/mission/hubble/science/explore-the-night-sky/hubble-messier-catalog/messier-65/,SIMBAD + Curated
DSO12,Messier 66,M66,Deep Sky,Galaxy,Spiral Galaxy,170.0626,12.9915,,,,8.92,Extended Source,,,,,,,,,0,,Telescope / Dark Sky,Telescope,Moderate,April,The largest and brightest member of the Leo Triplet group of interacting spiral galaxies.,Its spiral arms appear visibly distorted due to gravitational tugs from its neighbor galaxies.,Demonstrates how galactic encounters can trigger asymmetric star formation bursts.,,Located within the bounds of Leo.,Magha / Purva Phalguni (Contextual),,,,https://science.nasa.gov/mission/hubble/science/explore-the-night-sky/hubble-messier-catalog/messier-66/,SIMBAD + Curated
DSO13,Messier 74,Phantom Galaxy,Deep Sky,Galaxy,Spiral Galaxy,24.173938015259996,15.783640975640001,,,,9.46,Extended Source,,,,,,,,,0,,Telescope / Dark Sky,Telescope,Moderate,October,A grand-design spiral galaxy seen nearly face-on in the constellation Pisces.,It has an extremely low surface brightness making it one of the most challenging Messier objects to spot visually.,Used by astronomers as a pristine example of classic spiral density wave theory.,,Located within Pisces.,Revati (Contextual),,,,https://science.nasa.gov/mission/hubble/science/explore-the-night-sky/hubble-messier-catalog/messier-74/,SIMBAD + Curated
DSO14,Messier 77,Cetus A,Deep Sky,Galaxy,Seyfert Galaxy,40.66962152891999,-0.01329435839,,,,8.87,Extended Source,,,,,,,,,0,,Telescope / Dark Sky,Telescope,Moderate,November,A barred spiral galaxy that serves as the prototype for a class of active galaxies known as Seyfert galaxies.,It harbors an active supermassive black hole at its core hidden behind a thick ring of cosmic dust.,Great for introducing active galactic nuclei and high-energy astrophysics.,,Located in Cetus.,Ashwini (Contextual),,,,https://science.nasa.gov/mission/hubble/science/explore-the-night-sky/hubble-messier-catalog/messier-77/,SIMBAD + Curated
DSO15,Messier 83,Southern Pinwheel Galaxy,Deep Sky,Galaxy,Spiral Galaxy,204.25383,-29.865761111111112,,,,7.52,Extended Source,,,,,,,,,0,,Telescope / Dark Sky,Telescope,Moderate,May,A magnificent barred spiral galaxy with prominent sweeping spiral arms rich in star-forming regions.,It has hosted six observed supernovae in the last century alone making it a prolific factory for stellar deaths.,One of the closest and brightest face-on spiral galaxies in the southern sky.,,,Chitra (Contextual),,,,https://science.nasa.gov/mission/hubble/science/explore-the-night-sky/hubble-messier-catalog/messier-83/,SIMBAD + Curated
DSO16,Messier 92,M92,Deep Sky,Star Cluster,Globular Cluster,259.2807916666667,43.13594444444444,1841651785.71,,29125.0,6.52,Extended Source,,,,,,,,,0,,Telescope / Dark Sky,Telescope,Moderate,July,A brilliant tightly packed globular cluster containing hundreds of thousands of ancient stars.,Despite being nearly as bright and old as the famous M13 it often gets overlooked because it is nearby a more famous neighbor.,Excellent choice for northern hemisphere telescopic observation.,,Located in Hercules.,Swati (Contextual),,,,https://science.nasa.gov/mission/hubble/science/explore-the-night-sky/hubble-messier-catalog/messier-92/,SIMBAD + Curated
DSO17,Messier 97,Owl Nebula,Deep Sky,Nebula,Planetary Nebula,168.69880122825,55.01902300891,167056774.93,,2641.94,15.78,Extended Source,,,,,,,,,0,,Telescope / Dark Sky,Telescope,Moderate,April,A planetary nebula in Ursa Major named for the two dark patches that resemble the eyes of an owl.,Discovered by Pierre Méchain in 1781 before being cataloged by Charles Messier.,Good object to discuss the complex geometry of mass loss in dying medium-mass stars.,,Located inside Ursa Major.,Saptarishi (Contextual),,,,https://science.nasa.gov/mission/hubble/science/explore-the-night-sky/hubble-messier-catalog/messier-97/,SIMBAD + Curated
DSO18,Messier 108,Surfboard Galaxy,Deep Sky,Galaxy,Spiral Galaxy,167.87902916666664,55.67412222222222,,,,,Extended Source,,,,,,,,,0,,Telescope / Dark Sky,Telescope,Moderate,April,An elongated edge-on barred spiral galaxy located in the constellation Ursa Major.,It sits very close in the sky to the Owl Nebula making them a favorite dual target for astrophotographers.,Discuss how edge-on galaxies conceal their central galactic bars behind extensive dust lanes.,,Located inside Ursa Major.,Saptarishi (Contextual),,,,https://science.nasa.gov/mission/hubble/science/explore-the-night-sky/hubble-messier-catalog/messier-108/,SIMBAD + Curated
DSO19,Messier 109,M109,Deep Sky,Galaxy,Spiraled Barred Galaxy,179.39984644985,53.37472391176001,1915181058.5,,30287.84,,Extended Source,,,,,,,,,0,,Telescope / Dark Sky,Telescope,Moderate,April,A barred spiral galaxy featuring a prominent central bar structure and delicate multi-armed spirals.,It is located roughly 83 million light-years away and is the most distant Messier spiral galaxy in the constellation Ursa Major.,Great example for analyzing barred spiral galactic morphology.,,Located inside Ursa Major.,Saptarishi (Contextual),,,,https://science.nasa.gov/mission/hubble/science/explore-the-night-sky/hubble-messier-catalog/messier-109/,SIMBAD + Curated
CON01,Aries,The Ram,Constellation,Constellation,Zodiac,02h 38m,+20° 47',,,,,441 sq. deg.,,,,,,,,,0,,Naked Eye,,Easy,December,A faint zodiac constellation representing a ram with golden fleece.,"Over 2,000 years ago, the vernal equinox was in Aries.",Explain precession and why the 'Age of Aries' transitioned.,Mesha,First Rashi (solar sign) of the zodiac.,Ashwini / Bharani,Brihat Parashara Hora Shastra,,,https://chandra.harvard.edu/photo/constellations/aries.html,IAU Boundaries / Curated
CON02,Taurus,The Bull,Constellation,Constellation,Zodiac,04h 42m,+14° 52',,,,,797 sq. deg.,,,,,,,,,0,,Naked Eye,,Easy,January,"A large, prominent winter constellation hosting the bright star Aldebaran and the Pleiades.",Taurus is one of the oldest known constellations.,Excellent for star-hopping; use Orion's belt to point.,Vrishabha,Second Rashi; associated with strength.,Krittika / Rohini,Surya Siddhanta,,,https://chandra.harvard.edu/photo/constellations/taurus.html,IAU Boundaries / Curated
CON03,Orion,The Hunter,Constellation,Constellation,Equatorial,05h 34m,+05° 59',,,,,594 sq. deg.,,,,,,,,,0,,Naked Eye,,Easy,January,"The most recognizable winter constellation, famous for the three bright stars making up the hunter's belt.",The Orion Nebula is actively making new stars.,The ultimate teaching constellation for stellar life cycles.,Mrigashira,The Deer Head (associated with the belt).,Mrigashira / Ardra,Brihat Samhita,,,https://chandra.harvard.edu/photo/constellations/orion.html,IAU Boundaries / Curated
CON04,Ursa Major,The Great Bear,Constellation,Constellation,Northern,11h 18m,+50° 43',,,,,1280 sq. deg.,,,,,,,,,0,,Naked Eye,,Easy,April,A massive northern constellation that contains the famous Big Dipper asterism.,Seven of its stars form the Big Dipper.,Crucial for navigation: show how the outer stars point to Polaris.,Saptarishi,The Seven Great Sages.,,Rig Veda,,,https://chandra.harvard.edu/photo/constellations/ursa_major.html,IAU Boundaries / Curated
CON05,Crux,The Southern Cross,Constellation,Constellation,Southern,12h 26m,-60° 11',,,,,68 sq. deg.,,,,,,,,,0,,Naked Eye,,Easy,May,"The smallest of all 88 constellations, but one of the most famous in the Southern Hemisphere.",It is featured on the flags of Australia and Brazil.,Explain how it is used to find due south.,Trishanku,The king suspended between heaven and earth.,,Ramayana,,,https://chandra.harvard.edu/photo/constellations/crux.html,IAU Boundaries / Curated
CON06,Cygnus,The Swan,Constellation,Constellation,Northern,20h 35m,+44° 32',,,,,804 sq. deg.,,,,,,,,,0,,Naked Eye,,Easy,September,A large cross-shaped constellation that appears to be flying straight down the Milky Way.,"It contains Cygnus X-1, one of the first proven black holes.","Point out its tail star, Deneb, as part of the Summer Triangle.",Hamsa,The cosmic swan representing the breath of life (Prana).,,Rig Veda (Contextual),,,https://chandra.harvard.edu/photo/constellations/cygnus.html,IAU Boundaries / Curated
CON07,Lyra,The Harp,Constellation,Constellation,Northern,18h 51m,+36° 41',,,,,286 sq. deg.,,,,,,,,,0,,Naked Eye,,Easy,August,"A small but bright constellation dominated by Vega, one of the brightest stars in the summer sky.",The Ring Nebula (M57) is located between the two bottom stars of the harp.,Vega is our solar system's 'apex'—the direction our sun is moving through space.,,Hosts the intercalary Nakshatra Abhijit (Vega).,Abhijit,Mahabharata,,,https://chandra.harvard.edu/photo/constellations/lyra.html,IAU Boundaries / Curated
CON08,Aquila,The Eagle,Constellation,Constellation,Equatorial,19h 40m,+03° 24',,,,,652 sq. deg.,,,,,,,,,0,,Naked Eye,,Easy,August,"A summer constellation shaped like a flying eagle, led by the bright star Altair.","In ancient lore, this eagle carried the thunderbolts of Zeus.",Altair forms the southern tip of the Summer Triangle.,,Hosts the Shravana Nakshatra.,Shravana,Surya Siddhanta,,,https://chandra.harvard.edu/photo/constellations/aquila.html,IAU Boundaries / Curated
CON09,Pegasus,The Winged Horse,Constellation,Constellation,Northern,22h 41m,+19° 27',,,,,1120 sq. deg.,,,,,,,,,0,,Naked Eye,,Easy,October,"Famous for the 'Great Square,' a massive asterism that forms the body of the horse.",The Great Square is so large you can fit a fist inside it at arm's length.,Good test for sky darkness; see how many stars you can count inside the square.,,Shares stars with the Bhadrapada Nakshatras.,Purva Bhadrapada / Uttara Bhadrapada,Surya Siddhanta,,,https://chandra.harvard.edu/photo/constellations/pegasus.html,IAU Boundaries / Curated
CON10,Andromeda,The Chained Maiden,Constellation,Constellation,Northern,00h 48m,+37° 25',,,,,722 sq. deg.,,,,,,,,,0,,Naked Eye,,Easy,November,Shares a star with Pegasus and stretches out like two legs; famous for hosting the Andromeda Galaxy.,You can see the Andromeda Galaxy with your naked eye—it is 2.5 million light-years away!,Show students how to use the 'legs' of Andromeda to point to the galaxy.,Devayani,Mythological figure (contextual to the region).,Revati / Ashwini (Contextual),Mahabharata (Contextual),,,https://chandra.harvard.edu/photo/constellations/andromeda.html,IAU Boundaries / Curated
CON11,Canis Major,The Great Dog,Constellation,Constellation,Southern,06h 49m,-22° 08',,,,,380 sq. deg.,,,,,,,,,0,,Naked Eye,,Easy,February,"Follows Orion across the winter sky, dominated by Sirius, the brightest star in the night sky.","Because of Sirius, this is known as the 'Dog Star,' which gives us the phrase 'Dog Days of Summer.'",Draw a line through Orion's belt downwards to find Sirius.,Vyadha,The Hunter; aiming at Mrigashira (Orion).,,Rig Veda (Contextual),,,https://chandra.harvard.edu/photo/constellations/canis_major.html,IAU Boundaries / Curated
CON12,Bootes,The Herdsman,Constellation,Constellation,Northern,14h 42m,+31° 12',,,,,906 sq. deg.,,,,,,,,,0,,Naked Eye,,Easy,June,"Shaped like a giant kite or ice cream cone, anchored by the bright orange star Arcturus.","Arcturus is an older, metal-poor star passing through our galactic disk.",Teach 'Arc to Arcturus' from the Big Dipper's handle.,,Hosts the Swati Nakshatra.,Swati,Brihat Samhita,,,https://chandra.harvard.edu/photo/constellations/bootes.html,IAU Boundaries / Curated
CON13,Centaurus,The Centaur,Constellation,Constellation,Southern,13h 04m,-47° 20',,,,,1060 sq. deg.,,,,,,,,,0,,Naked Eye,,Easy,May,"A massive southern constellation housing Alpha Centauri, our closest neighboring star system.","It also contains Omega Centauri, the largest globular cluster in the Milky Way.",Used by southern observers to locate the Southern Cross.,,,,,,,https://chandra.harvard.edu/photo/constellations/centaurus.html,IAU Boundaries / Curated
CON14,Carina,The Keel,Constellation,Constellation,Southern,08h 41m,-63° 13',,,,,494 sq. deg.,,,,,,,,,0,,Naked Eye,,Easy,March,"Once part of a massive ship constellation called Argo Navis, it hosts Canopus, the second-brightest star.","It contains the Eta Carinae nebula, home to a highly unstable hypergiant star.",Discuss the breakup of Argo Navis into three modern constellations.,,Hosts the star Agastya (Canopus).,,Surya Siddhanta,,,https://chandra.harvard.edu/photo/constellations/carina.html,IAU Boundaries / Curated
CON15,Draco,The Dragon,Constellation,Constellation,Northern,17h 00m,+65° 00',,,,,1083 sq. deg.,,,,,,,,,0,,Naked Eye,,Easy,July,"A long, winding constellation that wraps around the Little Dipper.","About 4,800 years ago, Draco's star Thuban was the North Star.",Discuss circumpolar constellations that never set below the horizon.,Shishumara,The cosmic dolphin/creature rotating around the pole.,,Bhagavata Purana,,,https://chandra.harvard.edu/photo/constellations/draco.html,IAU Boundaries / Curated
CON16,Hercules,The Strongman,Constellation,Constellation,Northern,17h 19m,+27° 29',,,,,1225 sq. deg.,,,,,,,,,0,,Naked Eye,,Easy,July,A sprawling summer constellation featuring the 'Keystone' asterism.,"It contains M13, the Great Globular Cluster in Hercules.",Point out that the Strongman is usually depicted upside down in the sky.,,,,,,,https://chandra.harvard.edu/photo/constellations/hercules.html,IAU Boundaries / Curated
CON17,Perseus,The Hero,Constellation,Constellation,Northern,03h 10m,+45° 00',,,,,615 sq. deg.,,,,,,,,,0,,Naked Eye,,Easy,December,Home to the Perseid meteor shower and the famous 'Demon Star' Algol.,Algol is an eclipsing binary star that visibly drops in brightness every 2.8 days.,Excellent for teaching variable stars and ancient star myths.,,,Krittika (Contextual),,,,https://chandra.harvard.edu/photo/constellations/perseus.html,IAU Boundaries / Curated
CON18,Auriga,The Charioteer,Constellation,Constellation,Northern,06h 01m,+42° 01',,,,,657 sq. deg.,,,,,,,,,0,,Naked Eye,,Easy,February,A prominent winter pentagon shape housing the golden star Capella.,"Capella means 'Little She-Goat,' and a nearby triangle of stars represents her kids.","Point out the three bright open clusters (M36, M37, M38) inside it.",,Hosts Brahmahridaya (Capella).,,Surya Siddhanta,,,https://chandra.harvard.edu/photo/constellations/auriga.html,IAU Boundaries / Curated
CON19,Cetus,The Sea Monster,Constellation,Constellation,Equatorial,01h 25m,-11° 10',,,,,1231 sq. deg.,,,,,,,,,0,,Naked Eye,,Easy,November,"A massive, faint autumn constellation known for Mira, a famous variable star.",Mira literally disappears to the naked eye for months at a time before returning.,Discuss pulsating red giant stars.,,,,,,,https://chandra.harvard.edu/photo/constellations/cetus.html,IAU Boundaries / Curated
CON20,Corona Borealis,The Northern Crown,Constellation,Constellation,Northern,15h 50m,+32° 37',,,,,179 sq. deg.,,,,,,,,,0,,Naked Eye,,Easy,July,"A small, beautiful semi-circle of stars that actually looks like a jeweled crown.","It contains the 'Blaze Star' (T CrB), a recurrent nova that erupts roughly every 80 years.",Great shape-recognition target for beginners.,,,Vishakha (Contextual),,,,https://chandra.harvard.edu/photo/constellations/corona_borealis.html,IAU Boundaries / Curated
CON21,Corvus,The Crow,Constellation,Constellation,Southern,12h 26m,-18° 26',,,,,184 sq. deg.,,,,,,,,,0,,Naked Eye,,Easy,May,A small but highly distinct four-sided box shape in the spring sky.,"In mythology, the crow was punished by Apollo for being late with a cup of water.",Use the 'spica' spike from the Big Dipper to continue down to Corvus.,,Hosts the Hasta Nakshatra.,Hasta,Surya Siddhanta,,,https://chandra.harvard.edu/photo/constellations/corvus.html,IAU Boundaries / Curated
CON22,Eridanus,The River,Constellation,Constellation,Southern,03h 18m,-29° 22',,,,,1138 sq. deg.,,,,,,,,,0,,Naked Eye,,Easy,December,"A long, meandering constellation that starts near Orion and flows far to the south.","It ends at the bright blue star Achernar, which is invisible to most northern observers.",Discuss celestial navigation and southern hemisphere sky mapping.,,,,,,,https://chandra.harvard.edu/photo/constellations/eridanus.html,IAU Boundaries / Curated
CON23,Hydra,The Water Snake,Constellation,Constellation,Equatorial,10h 39m,-20° 00',,,,,1303 sq. deg.,,,,,,,,,0,,Naked Eye,,Easy,April,"The largest and longest of all 88 constellations, sprawling across the spring sky.",It takes more than six hours for Hydra to completely rise above the horizon.,"Point out its brightest star, Alphard, the 'Solitary One.'",,Hosts the Ashlesha Nakshatra.,Ashlesha,Brihat Samhita,,,https://chandra.harvard.edu/photo/constellations/hydra.html,IAU Boundaries / Curated
CON24,Ophiuchus,The Serpent Bearer,Constellation,Constellation,Equatorial,17h 18m,-10° 08',,,,,948 sq. deg.,,,,,,,,,0,,Naked Eye,,Easy,July,A massive summer constellation that actually crosses the ecliptic (the path of the sun).,"Though not traditionally counted in astrology, the Sun spends 18 days in Ophiuchus every year.",Discuss the difference between astronomical constellations and astrological signs.,,,Mula (Contextual),,,,https://chandra.harvard.edu/photo/constellations/ophiuchus.html,IAU Boundaries / Curated
CON25,Puppis,The Poop Deck,Constellation,Constellation,Southern,07h 15m,-31° 10',,,,,673 sq. deg.,,,,,,,,,0,,Naked Eye,,Easy,February,"Another piece of the broken ship Argo Navis, rich in open star clusters.","Because the Milky Way runs right through it, it is a fantastic area for binocular scanning.",Use to discuss the Milky Way's galactic disk.,,,,,,,https://chandra.harvard.edu/photo/constellations/puppis.html,IAU Boundaries / Curated
CON26,Vela,The Sails,Constellation,Constellation,Southern,09h 34m,-47° 10',,,,,500 sq. deg.,,,,,,,,,0,,Naked Eye,,Easy,March,"The sails of Argo Navis, featuring the Vela Supernova Remnant.","The explosion that created the Vela remnant occurred roughly 11,000 years ago.","Contains the 'False Cross', an asterism often mistaken for the Southern Cross.",,,,,,,https://chandra.harvard.edu/photo/constellations/vela.html,IAU Boundaries / Curated
CON27,Canis Minor,The Little Dog,Constellation,Constellation,Equatorial,07h 39m,+05° 13',,,,,183 sq. deg.,,,,,,,,,0,,Naked Eye,,Easy,March,"A tiny constellation comprising basically just two stars, led by Procyon.","Procyon means 'Before the Dog,' because it rises just before Sirius, the Great Dog star.",Completes the Winter Triangle with Sirius and Betelgeuse.,,,Punarvasu (Contextual),,,,https://chandra.harvard.edu/photo/constellations/canis_minor.html,IAU Boundaries / Curated
CON28,Lepus,The Hare,Constellation,Constellation,Southern,05h 33m,-19° 02',,,,,290 sq. deg.,,,,,,,,,0,,Naked Eye,,Easy,January,"Located directly beneath Orion, representing a rabbit being hunted by Orion and his dogs.","Contains Hind's Crimson Star, one of the reddest stars visible in the night sky.",Great test of sky conditions just south of the Orion Nebula.,,,,,,,https://chandra.harvard.edu/photo/constellations/lepus.html,IAU Boundaries / Curated
CON29,Cassiopeia,The Queen,Constellation,Constellation,Northern,01h 19m,+60° 11',,,,,598 sq. deg.,,,,,,,,,0,,Naked Eye,,Easy,November,A distinct 'W' or 'M' shaped constellation that circles the North Star opposite the Big Dipper.,"In mythology, she was punished for her vanity by being tied to her throne in the sky.",Use as a backup pointer to the North Star when Ursa Major is low.,Sharmishtha,Named after the mythological queen.,,Matsya Purana (Contextual),,,https://chandra.harvard.edu/photo/constellations/cassiopeia.html,IAU Boundaries / Curated
CON30,Ursa Minor,The Little Bear,Constellation,Constellation,Northern,15h 00m,+77° 41',,,,,256 sq. deg.,,,,,,,,,0,,Naked Eye,,Easy,June,"Home to Polaris, the North Star, which marks the North Celestial Pole.",Polaris will not always be the North Star due to Earth's axial wobble.,Explain how to find latitude based on the height of Polaris.,Dhruva Matsya,The Little Fish; holds Dhruva (Polaris) at its tail.,,Vishnu Purana,,,https://chandra.harvard.edu/photo/constellations/ursa_minor.html,IAU Boundaries / Curated
CON33,Gemini,The Twins,Constellation,Constellation,Zodiac,07h 04m,+22° 36',,,,,514 sq. deg.,,,,,,,,,0,,Naked Eye,,Easy,February,A northern constellation marked by the bright twin stars Castor and Pollux.,"Though they are called twins, Castor and Pollux are completely different types of stars.",Discuss binary vs. apparent visual pairs.,Mithuna,Third Rashi; represents duality and interaction.,Mrigashira / Ardra / Punarvasu,Brihat Samhita,,,https://chandra.harvard.edu/photo/constellations/gemini.html,IAU Boundaries / Curated
CON34,Cancer,The Crab,Constellation,Constellation,Zodiac,08h 38m,+19° 48',,,,,506 sq. deg.,,,,,,,,,0,,Naked Eye,,Easy,March,"The dimmest of the zodiac constellations, famous for hosting the Beehive Cluster.",The Tropic of Cancer is named after this constellation.,Requires dark skies to see; good target for binoculars.,Karka,Fourth Rashi; represents emotion and the mind.,Punarvasu / Pushya / Ashlesha,Brihat Parashara Hora Shastra,,,https://chandra.harvard.edu/photo/constellations/cancer.html,IAU Boundaries / Curated
CON35,Leo,The Lion,Constellation,Constellation,Zodiac,10h 40m,+13° 08',,,,,947 sq. deg.,,,,,,,,,0,,Naked Eye,,Easy,April,A very recognizable spring constellation featuring a 'sickle' or backward question mark of stars.,"Leo actually looks like the animal it represents, unlike many other constellations.",Point out Regulus (the heart) at the bottom of the sickle.,Simha,Fifth Rashi; represents kingship and solar energy.,Magha / Purva Phalguni / Uttara Phalguni,Surya Siddhanta,,,https://chandra.harvard.edu/photo/constellations/leo.html,IAU Boundaries / Curated
CON36,Virgo,The Maiden,Constellation,Constellation,Zodiac,13h 24m,-04° 09',,,,,1294 sq. deg.,,,,,,,,,0,,Naked Eye,,Easy,May,"The second-largest constellation in the sky, home to the bright star Spica and a massive cluster of galaxies.",The Virgo Supercluster contains our own Local Group of galaxies.,Use the 'spike to Spica' trick from the Big Dipper.,Kanya,Sixth Rashi; represents purity and harvest.,Uttara Phalguni / Hasta / Chitra,Brihat Samhita,,,https://chandra.harvard.edu/photo/constellations/virgo.html,IAU Boundaries / Curated
CON37,Libra,The Scales,Constellation,Constellation,Zodiac,15h 11m,-15° 14',,,,,538 sq. deg.,,,,,,,,,0,,Naked Eye,,Easy,June,The only zodiac constellation that represents an inanimate object rather than an animal or person.,Its brightest stars have Arabic names meaning 'Northern Claw' and 'Southern Claw' from when it was part of Scorpius.,Discuss how constellation boundaries have changed over time.,Tula,Seventh Rashi; represents balance and trade.,Chitra / Swati / Vishakha,Surya Siddhanta,,,https://chandra.harvard.edu/photo/constellations/libra.html,IAU Boundaries / Curated
CON38,Scorpius,The Scorpion,Constellation,Constellation,Zodiac,16h 53m,-27° 01',,,,,497 sq. deg.,,,,,,,,,0,,Naked Eye,,Easy,July,"A magnificent summer constellation that curls low along the southern horizon, led by the red giant Antares.","In Hawaiian tradition, this constellation is known as Maui's Fishhook.",Great for tracing the Milky Way band.,Vrishchika,Eighth Rashi; represents transformation and depth.,Vishakha / Anuradha / Jyeshtha,Brihat Parashara Hora Shastra,,,https://chandra.harvard.edu/photo/constellations/scorpius.html,IAU Boundaries / Curated
CON39,Sagittarius,The Archer,Constellation,Constellation,Zodiac,19h 05m,-28° 28',,,,,867 sq. deg.,,,,,,,,,0,,Naked Eye,,Easy,August,Famous for its 'Teapot' asterism. Looking at Sagittarius means looking directly toward the center of our Milky Way.,"The supermassive black hole at the center of our galaxy, Sagittarius A*, is located here.",Point out the 'steam' rising from the teapot (the Milky Way).,Dhanu,Ninth Rashi; represents purpose and arrows of truth.,Mula / Purva Ashadha / Uttara Ashadha,Surya Siddhanta,,,https://chandra.harvard.edu/photo/constellations/sagittarius.html,IAU Boundaries / Curated
CON40,Capricornus,The Sea Goat,Constellation,Constellation,Zodiac,21h 02m,-18° 01',,,,,414 sq. deg.,,,,,,,,,0,,Naked Eye,,Easy,September,A faint autumn constellation shaped vaguely like a large smiling face or a warped triangle.,Neptune was discovered in Capricornus in 1846.,Tropic of Capricorn namesake; discuss extreme solstices.,Makara,Tenth Rashi; a mythical sea-creature representing ambition.,Uttara Ashadha / Shravana / Dhanishta,Brihat Parashara Hora Shastra,,,https://chandra.harvard.edu/photo/constellations/capricornus.html,IAU Boundaries / Curated
